Type,Name,Request Count,Failure Count,Median Response Time,Average Response Time,Min Response Time,Max Response Time,Average Content Size,Requests/s,Failures/s,50%,66%,75%,80%,90%,95%,98%,99%,99.9%,99.99%,100%
GET,/,5239,0,790.0,1899.114863169866,316.63346699951944,104945.42624600035,31326.99179232678,13.811179932980265,0.0,790,1600,1900,2000,3300,5200,11000,24000,63000,105000,105000
GET,/api/movies,26584,0,600.0,1806.818631003986,286.58932500002265,104837.71058399999,1889.0,70.08139097887906,0.0,600,1400,1700,1800,2500,4800,11000,26000,67000,97000,105000
GET,/api/shows/[movieId],15958,0,610.0,1883.8084042263458,290.18993899990164,104857.15384500055,5167.951560345908,42.068869893204635,0.0,610,1400,1700,1800,2500,4800,12000,27000,91000,105000,105000
,Aggregated,47781,0,630.0,1842.6517605198896,286.58932500002265,104945.42624600035,6211.8720202590985,125.96144080506396,0.0,630,1400,1700,1800,2700,4900,11000,26000,69000,105000,105000
