Type,Name,Request Count,Failure Count,Median Response Time,Average Response Time,Min Response Time,Max Response Time,Average Content Size,Requests/s,Failures/s,50%,66%,75%,80%,90%,95%,98%,99%,99.9%,99.99%,100%
GET,/,6044,0,370.0,454.01412628195686,310.03255100040406,6639.174076000927,31327.0,30.312052056049,0.0,370,400,420,460,670,870,1100,1300,4600,6600,6600
GET,/api/movies,29886,0,340.0,379.3724600062918,282.8877650008508,5767.315200999292,1889.0,149.8851733532562,0.0,340,350,370,380,440,550,750,900,3900,5500,5800
GET,/api/shows/[movieId],17759,0,340.0,385.22943138729295,288.9478990000498,6306.402617999993,5151.756743059857,89.06547525866549,0.0,340,360,370,380,450,560,770,940,4300,6300,6300
,Aggregated,53689,0,340.0,389.71253312602437,282.8877650008508,6639.174076000927,6282.201009517778,269.2627006679707,0.0,340,360,380,390,460,600,820,1000,4200,5900,6600
