Type,Name,Request Count,Failure Count,Median Response Time,Average Response Time,Min Response Time,Max Response Time,Average Content Size,Requests/s,Failures/s,50%,66%,75%,80%,90%,95%,98%,99%,99.9%,99.99%,100%
GET,/,521,0,5600.0,5764.866206479776,854.522060999443,34897.96702300009,29803.0,2.900813441638233,0.0,5600,5700,5800,5900,6000,6100,18000,22000,35000,35000,35000
GET,/api/movies,2602,0,3600.0,3798.790222843214,72.83567400008906,34228.35563800254,1769.0,14.487363867836242,0.0,3600,3800,3900,3900,4100,4300,13000,25000,34000,34000,34000
GET,/api/shows/[movieId],1495,0,7000.0,6871.158871483601,111.35420400023577,37292.12568100047,5153.526421404682,8.323831276869786,0.0,7000,7200,7200,7300,7400,7500,17000,28000,37000,37000,37000
,Aggregated,4618,0,4000.0,5015.229529294506,72.83567400008906,37292.12568100047,6027.4627544391515,25.71200858634426,0.0,4000,5600,6900,7000,7200,7400,15000,26000,35000,37000,37000
