Type,Name,Request Count,Failure Count,Median Response Time,Average Response Time,Min Response Time,Max Response Time,Average Content Size,Requests/s,Failures/s,50%,66%,75%,80%,90%,95%,98%,99%,99.9%,99.99%,100%
GET,/,263,0,2500.0,2484.403239254738,268.17606999975396,4086.668224001187,29803.0,1.46629527745582,0.0,2500,2600,2600,2600,2700,2900,3000,3100,4100,4100,4100
GET,/api/movies,1373,0,360.0,359.65207664235993,10.487997999007348,1234.6382430005178,1769.0,7.654841885729433,0.0,360,380,400,410,450,480,520,560,1100,1200,1200
GET,/api/shows/[movieId],828,0,580.0,581.2986750542823,21.07042300121975,1170.1354040014849,5166.461352657005,4.616321253739236,0.0,580,620,650,680,730,780,850,870,1200,1200,1200
,Aggregated,2464,0,430.0,660.9235617284502,10.487997999007348,4086.668224001187,5902.944805194805,13.73745841692449,0.0,430,540,600,640,2300,2500,2600,2700,3100,4100,4100
