Type,Name,Request Count,Failure Count,Median Response Time,Average Response Time,Min Response Time,Max Response Time,Average Content Size,Requests/s,Failures/s,50%,66%,75%,80%,90%,95%,98%,99%,99.9%,99.99%,100%
GET,/,14,0,78,91.78123564301391,42.19295499933651,256.3287559969467,29803.0,0.23708213915132303,0.0,78,90,96,99,120,260,260,260,260,260,260
GET,/api/movies,60,0,24,27.789833016504417,9.992956001951825,261.31798200003686,1769.0,1.0160663106485273,0.0,24,26,29,33,36,41,46,260,260,260,260
GET,/api/shows/[movieId],41,0,43,43.27908126838227,19.96353399954387,106.54749600143987,5075.317073170731,0.6943119789431603,0.0,43,46,52,56,63,72,110,110,110,110,110
,Aggregated,115,0,30,41.10234445214029,9.992956001951825,261.31798200003686,6360.608695652174,1.9474604287430106,0.0,30,42,46,56,75,96,120,260,260,260,260
